dataset,source_file,row_number_source,record_id,field,error_type,current_value,fixed_value,expected_rule
default_credit,default-of-credit-card-clients.xls,50,48,EDUCATION,invalid_category,5,4,"EDUCATION in {1,2,3,4}; коды 0/5/6 приводятся к 4 (others)"
default_credit,default-of-credit-card-clients.xls,72,70,EDUCATION,invalid_category,5,4,"EDUCATION in {1,2,3,4}; коды 0/5/6 приводятся к 4 (others)"
default_credit,default-of-credit-card-clients.xls,221,219,MARRIAGE,invalid_category,0,3,"MARRIAGE in {1,2,3}; код 0 приводится к 3 (others)"
default_credit,default-of-credit-card-clients.xls,388,386,EDUCATION,invalid_category,5,4,"EDUCATION in {1,2,3,4}; коды 0/5/6 приводятся к 4 (others)"
default_credit,default-of-credit-card-clients.xls,505,503,EDUCATION,invalid_category,6,4,"EDUCATION in {1,2,3,4}; коды 0/5/6 приводятся к 4 (others)"
default_credit,default-of-credit-card-clients.xls,507,505,EDUCATION,invalid_category,6,4,"EDUCATION in {1,2,3,4}; коды 0/5/6 приводятся к 4 (others)"
default_credit,default-of-credit-card-clients.xls,812,810,MARRIAGE,invalid_category,0,3,"MARRIAGE in {1,2,3}; код 0 приводится к 3 (others)"
default_credit,default-of-credit-card-clients.xls,823,821,MARRIAGE,invalid_category,0,3,"MARRIAGE in {1,2,3}; код 0 приводится к 3 (others)"
default_credit,default-of-credit-card-clients.xls,1022,1020,MARRIAGE,invalid_category,0,3,"MARRIAGE in {1,2,3}; код 0 приводится к 3 (others)"
default_credit,default-of-credit-card-clients.xls,1076,1074,EDUCATION,invalid_category,6,4,"EDUCATION in {1,2,3,4}; коды 0/5/6 приводятся к 4 (others)"
default_credit,default-of-credit-card-clients.xls,1268,1266,EDUCATION,invalid_category,5,4,"EDUCATION in {1,2,3,4}; коды 0/5/6 приводятся к 4 (others)"
default_credit,default-of-credit-card-clients.xls,1285,1283,EDUCATION,invalid_category,5,4,"EDUCATION in {1,2,3,4}; коды 0/5/6 приводятся к 4 (others)"
default_credit,default-of-credit-card-clients.xls,1372,1370,EDUCATION,invalid_category,5,4,"EDUCATION in {1,2,3,4}; коды 0/5/6 приводятся к 4 (others)"
default_credit,default-of-credit-card-clients.xls,1446,1444,MARRIAGE,invalid_category,0,3,"MARRIAGE in {1,2,3}; код 0 приводится к 3 (others)"
default_credit,default-of-credit-card-clients.xls,1834,1832,EDUCATION,invalid_category,6,4,"EDUCATION in {1,2,3,4}; коды 0/5/6 приводятся к 4 (others)"
default_credit,default-of-credit-card-clients.xls,2096,2094,EDUCATION,invalid_category,5,4,"EDUCATION in {1,2,3,4}; коды 0/5/6 приводятся к 4 (others)"
default_credit,default-of-credit-card-clients.xls,2149,2147,MARRIAGE,invalid_category,0,3,"MARRIAGE in {1,2,3}; код 0 приводится к 3 (others)"
default_credit,default-of-credit-card-clients.xls,2346,2344,EDUCATION,invalid_category,5,4,"EDUCATION in {1,2,3,4}; коды 0/5/6 приводятся к 4 (others)"
default_credit,default-of-credit-card-clients.xls,2557,2555,MARRIAGE,invalid_category,0,3,"MARRIAGE in {1,2,3}; код 0 приводится к 3 (others)"
default_credit,default-of-credit-card-clients.xls,2596,2594,EDUCATION,invalid_category,6,4,"EDUCATION in {1,2,3,4}; коды 0/5/6 приводятся к 4 (others)"
default_credit,default-of-credit-card-clients.xls,2601,2599,EDUCATION,invalid_category,5,4,"EDUCATION in {1,2,3,4}; коды 0/5/6 приводятся к 4 (others)"
default_credit,default-of-credit-card-clients.xls,2672,2670,EDUCATION,invalid_category,5,4,"EDUCATION in {1,2,3,4}; коды 0/5/6 приводятся к 4 (others)"
default_credit,default-of-credit-card-clients.xls,3054,3052,EDUCATION,invalid_category,5,4,"EDUCATION in {1,2,3,4}; коды 0/5/6 приводятся к 4 (others)"
default_credit,default-of-credit-card-clients.xls,3059,3057,MARRIAGE,invalid_category,0,3,"MARRIAGE in {1,2,3}; код 0 приводится к 3 (others)"
default_credit,default-of-credit-card-clients.xls,3193,3191,EDUCATION,invalid_category,5,4,"EDUCATION in {1,2,3,4}; коды 0/5/6 приводятся к 4 (others)"
default_credit,default-of-credit-card-clients.xls,3229,3227,EDUCATION,invalid_category,5,4,"EDUCATION in {1,2,3,4}; коды 0/5/6 приводятся к 4 (others)"
default_credit,default-of-credit-card-clients.xls,3232,3230,EDUCATION,invalid_category,5,4,"EDUCATION in {1,2,3,4}; коды 0/5/6 приводятся к 4 (others)"
default_credit,default-of-credit-card-clients.xls,3254,3252,EDUCATION,invalid_category,5,4,"EDUCATION in {1,2,3,4}; коды 0/5/6 приводятся к 4 (others)"
default_credit,default-of-credit-card-clients.xls,3670,3668,EDUCATION,invalid_category,6,4,"EDUCATION in {1,2,3,4}; коды 0/5/6 приводятся к 4 (others)"
default_credit,default-of-credit-card-clients.xls,3713,3711,EDUCATION,invalid_category,5,4,"EDUCATION in {1,2,3,4}; коды 0/5/6 приводятся к 4 (others)"
default_credit,default-of-credit-card-clients.xls,3772,3770,EDUCATION,invalid_category,0,4,"EDUCATION in {1,2,3,4}; коды 0/5/6 приводятся к 4 (others)"
default_credit,default-of-credit-card-clients.xls,3791,3789,EDUCATION,invalid_category,5,4,"EDUCATION in {1,2,3,4}; коды 0/5/6 приводятся к 4 (others)"
default_credit,default-of-credit-card-clients.xls,3899,3897,EDUCATION,invalid_category,6,4,"EDUCATION in {1,2,3,4}; коды 0/5/6 приводятся к 4 (others)"
default_credit,default-of-credit-card-clients.xls,4102,4100,EDUCATION,invalid_category,6,4,"EDUCATION in {1,2,3,4}; коды 0/5/6 приводятся к 4 (others)"
default_credit,default-of-credit-card-clients.xls,4134,4132,EDUCATION,invalid_category,5,4,"EDUCATION in {1,2,3,4}; коды 0/5/6 приводятся к 4 (others)"
default_credit,default-of-credit-card-clients.xls,4290,4288,EDUCATION,invalid_category,5,4,"EDUCATION in {1,2,3,4}; коды 0/5/6 приводятся к 4 (others)"
default_credit,default-of-credit-card-clients.xls,4473,4471,MARRIAGE,invalid_category,0,3,"MARRIAGE in {1,2,3}; код 0 приводится к 3 (others)"
default_credit,default-of-credit-card-clients.xls,4485,4483,EDUCATION,invalid_category,5,4,"EDUCATION in {1,2,3,4}; коды 0/5/6 приводятся к 4 (others)"
default_credit,default-of-credit-card-clients.xls,4509,4507,EDUCATION,invalid_category,5,4,"EDUCATION in {1,2,3,4}; коды 0/5/6 приводятся к 4 (others)"
default_credit,default-of-credit-card-clients.xls,4679,4677,EDUCATION,invalid_category,5,4,"EDUCATION in {1,2,3,4}; коды 0/5/6 приводятся к 4 (others)"
default_credit,default-of-credit-card-clients.xls,4729,4727,EDUCATION,invalid_category,5,4,"EDUCATION in {1,2,3,4}; коды 0/5/6 приводятся к 4 (others)"
default_credit,default-of-credit-card-clients.xls,4914,4912,EDUCATION,invalid_category,5,4,"EDUCATION in {1,2,3,4}; коды 0/5/6 приводятся к 4 (others)"
default_credit,default-of-credit-card-clients.xls,5008,5006,MARRIAGE,invalid_category,0,3,"MARRIAGE in {1,2,3}; код 0 приводится к 3 (others)"
default_credit,default-of-credit-card-clients.xls,5109,5107,EDUCATION,invalid_category,5,4,"EDUCATION in {1,2,3,4}; коды 0/5/6 приводятся к 4 (others)"
default_credit,default-of-credit-card-clients.xls,5129,5127,EDUCATION,invalid_category,5,4,"EDUCATION in {1,2,3,4}; коды 0/5/6 приводятся к 4 (others)"
default_credit,default-of-credit-card-clients.xls,5171,5169,EDUCATION,invalid_category,5,4,"EDUCATION in {1,2,3,4}; коды 0/5/6 приводятся к 4 (others)"
default_credit,default-of-credit-card-clients.xls,5188,5186,EDUCATION,invalid_category,5,4,"EDUCATION in {1,2,3,4}; коды 0/5/6 приводятся к 4 (others)"
default_credit,default-of-credit-card-clients.xls,5273,5271,EDUCATION,invalid_category,5,4,"EDUCATION in {1,2,3,4}; коды 0/5/6 приводятся к 4 (others)"
default_credit,default-of-credit-card-clients.xls,5280,5278,EDUCATION,invalid_category,5,4,"EDUCATION in {1,2,3,4}; коды 0/5/6 приводятся к 4 (others)"
default_credit,default-of-credit-card-clients.xls,5348,5346,MARRIAGE,invalid_category,0,3,"MARRIAGE in {1,2,3}; код 0 приводится к 3 (others)"
default_credit,default-of-credit-card-clients.xls,5411,5409,EDUCATION,invalid_category,5,4,"EDUCATION in {1,2,3,4}; коды 0/5/6 приводятся к 4 (others)"
default_credit,default-of-credit-card-clients.xls,5558,5556,EDUCATION,invalid_category,5,4,"EDUCATION in {1,2,3,4}; коды 0/5/6 приводятся к 4 (others)"
default_credit,default-of-credit-card-clients.xls,5635,5633,EDUCATION,invalid_category,5,4,"EDUCATION in {1,2,3,4}; коды 0/5/6 приводятся к 4 (others)"
default_credit,default-of-credit-card-clients.xls,5710,5708,EDUCATION,invalid_category,5,4,"EDUCATION in {1,2,3,4}; коды 0/5/6 приводятся к 4 (others)"
default_credit,default-of-credit-card-clients.xls,5948,5946,EDUCATION,invalid_category,0,4,"EDUCATION in {1,2,3,4}; коды 0/5/6 приводятся к 4 (others)"
default_credit,default-of-credit-card-clients.xls,5983,5981,EDUCATION,invalid_category,5,4,"EDUCATION in {1,2,3,4}; коды 0/5/6 приводятся к 4 (others)"
default_credit,default-of-credit-card-clients.xls,6053,6051,EDUCATION,invalid_category,5,4,"EDUCATION in {1,2,3,4}; коды 0/5/6 приводятся к 4 (others)"
default_credit,default-of-credit-card-clients.xls,6059,6057,EDUCATION,invalid_category,5,4,"EDUCATION in {1,2,3,4}; коды 0/5/6 приводятся к 4 (others)"
default_credit,default-of-credit-card-clients.xls,6392,6390,MARRIAGE,invalid_category,0,3,"MARRIAGE in {1,2,3}; код 0 приводится к 3 (others)"
default_credit,default-of-credit-card-clients.xls,6449,6447,EDUCATION,invalid_category,5,4,"EDUCATION in {1,2,3,4}; коды 0/5/6 приводятся к 4 (others)"
default_credit,default-of-credit-card-clients.xls,6471,6469,EDUCATION,invalid_category,5,4,"EDUCATION in {1,2,3,4}; коды 0/5/6 приводятся к 4 (others)"
default_credit,default-of-credit-card-clients.xls,6498,6496,EDUCATION,invalid_category,5,4,"EDUCATION in {1,2,3,4}; коды 0/5/6 приводятся к 4 (others)"
default_credit,default-of-credit-card-clients.xls,6504,6502,EDUCATION,invalid_category,5,4,"EDUCATION in {1,2,3,4}; коды 0/5/6 приводятся к 4 (others)"
default_credit,default-of-credit-card-clients.xls,6531,6529,EDUCATION,invalid_category,5,4,"EDUCATION in {1,2,3,4}; коды 0/5/6 приводятся к 4 (others)"
default_credit,default-of-credit-card-clients.xls,6590,6588,EDUCATION,invalid_category,6,4,"EDUCATION in {1,2,3,4}; коды 0/5/6 приводятся к 4 (others)"
default_credit,default-of-credit-card-clients.xls,6745,6743,EDUCATION,invalid_category,5,4,"EDUCATION in {1,2,3,4}; коды 0/5/6 приводятся к 4 (others)"
default_credit,default-of-credit-card-clients.xls,6871,6869,EDUCATION,invalid_category,6,4,"EDUCATION in {1,2,3,4}; коды 0/5/6 приводятся к 4 (others)"
default_credit,default-of-credit-card-clients.xls,6879,6877,EDUCATION,invalid_category,0,4,"EDUCATION in {1,2,3,4}; коды 0/5/6 приводятся к 4 (others)"
default_credit,default-of-credit-card-clients.xls,6885,6883,EDUCATION,invalid_category,5,4,"EDUCATION in {1,2,3,4}; коды 0/5/6 приводятся к 4 (others)"
default_credit,default-of-credit-card-clients.xls,6895,6893,EDUCATION,invalid_category,5,4,"EDUCATION in {1,2,3,4}; коды 0/5/6 приводятся к 4 (others)"
default_credit,default-of-credit-card-clients.xls,7106,7104,EDUCATION,invalid_category,5,4,"EDUCATION in {1,2,3,4}; коды 0/5/6 приводятся к 4 (others)"
default_credit,default-of-credit-card-clients.xls,7212,7210,EDUCATION,invalid_category,5,4,"EDUCATION in {1,2,3,4}; коды 0/5/6 приводятся к 4 (others)"
default_credit,default-of-credit-card-clients.xls,7414,7412,EDUCATION,invalid_category,5,4,"EDUCATION in {1,2,3,4}; коды 0/5/6 приводятся к 4 (others)"
default_credit,default-of-credit-card-clients.xls,7496,7494,EDUCATION,invalid_category,5,4,"EDUCATION in {1,2,3,4}; коды 0/5/6 приводятся к 4 (others)"
default_credit,default-of-credit-card-clients.xls,7679,7677,EDUCATION,invalid_category,5,4,"EDUCATION in {1,2,3,4}; коды 0/5/6 приводятся к 4 (others)"
default_credit,default-of-credit-card-clients.xls,7734,7732,EDUCATION,invalid_category,5,4,"EDUCATION in {1,2,3,4}; коды 0/5/6 приводятся к 4 (others)"
default_credit,default-of-credit-card-clients.xls,7943,7941,MARRIAGE,invalid_category,0,3,"MARRIAGE in {1,2,3}; код 0 приводится к 3 (others)"
default_credit,default-of-credit-card-clients.xls,7958,7956,MARRIAGE,invalid_category,0,3,"MARRIAGE in {1,2,3}; код 0 приводится к 3 (others)"
default_credit,default-of-credit-card-clients.xls,8026,8024,EDUCATION,invalid_category,5,4,"EDUCATION in {1,2,3,4}; коды 0/5/6 приводятся к 4 (others)"
default_credit,default-of-credit-card-clients.xls,8106,8104,EDUCATION,invalid_category,5,4,"EDUCATION in {1,2,3,4}; коды 0/5/6 приводятся к 4 (others)"
default_credit,default-of-credit-card-clients.xls,8173,8171,EDUCATION,invalid_category,5,4,"EDUCATION in {1,2,3,4}; коды 0/5/6 приводятся к 4 (others)"
default_credit,default-of-credit-card-clients.xls,8317,8315,EDUCATION,invalid_category,5,4,"EDUCATION in {1,2,3,4}; коды 0/5/6 приводятся к 4 (others)"
default_credit,default-of-credit-card-clients.xls,8665,8663,EDUCATION,invalid_category,5,4,"EDUCATION in {1,2,3,4}; коды 0/5/6 приводятся к 4 (others)"
default_credit,default-of-credit-card-clients.xls,8673,8671,EDUCATION,invalid_category,5,4,"EDUCATION in {1,2,3,4}; коды 0/5/6 приводятся к 4 (others)"
default_credit,default-of-credit-card-clients.xls,8680,8678,EDUCATION,invalid_category,5,4,"EDUCATION in {1,2,3,4}; коды 0/5/6 приводятся к 4 (others)"
default_credit,default-of-credit-card-clients.xls,8839,8837,EDUCATION,invalid_category,5,4,"EDUCATION in {1,2,3,4}; коды 0/5/6 приводятся к 4 (others)"
default_credit,default-of-credit-card-clients.xls,8885,8883,EDUCATION,invalid_category,5,4,"EDUCATION in {1,2,3,4}; коды 0/5/6 приводятся к 4 (others)"
default_credit,default-of-credit-card-clients.xls,8889,8887,MARRIAGE,invalid_category,0,3,"MARRIAGE in {1,2,3}; код 0 приводится к 3 (others)"
default_credit,default-of-credit-card-clients.xls,9049,9047,EDUCATION,invalid_category,5,4,"EDUCATION in {1,2,3,4}; коды 0/5/6 приводятся к 4 (others)"
default_credit,default-of-credit-card-clients.xls,9091,9089,MARRIAGE,invalid_category,0,3,"MARRIAGE in {1,2,3}; код 0 приводится к 3 (others)"
default_credit,default-of-credit-card-clients.xls,9164,9162,EDUCATION,invalid_category,5,4,"EDUCATION in {1,2,3,4}; коды 0/5/6 приводятся к 4 (others)"
default_credit,default-of-credit-card-clients.xls,9286,9284,EDUCATION,invalid_category,5,4,"EDUCATION in {1,2,3,4}; коды 0/5/6 приводятся к 4 (others)"
default_credit,default-of-credit-card-clients.xls,9391,9389,EDUCATION,invalid_category,5,4,"EDUCATION in {1,2,3,4}; коды 0/5/6 приводятся к 4 (others)"
default_credit,default-of-credit-card-clients.xls,9506,9504,EDUCATION,invalid_category,5,4,"EDUCATION in {1,2,3,4}; коды 0/5/6 приводятся к 4 (others)"
default_credit,default-of-credit-card-clients.xls,9591,9589,EDUCATION,invalid_category,5,4,"EDUCATION in {1,2,3,4}; коды 0/5/6 приводятся к 4 (others)"
default_credit,default-of-credit-card-clients.xls,9621,9619,EDUCATION,invalid_category,5,4,"EDUCATION in {1,2,3,4}; коды 0/5/6 приводятся к 4 (others)"
default_credit,default-of-credit-card-clients.xls,9726,9724,EDUCATION,invalid_category,5,4,"EDUCATION in {1,2,3,4}; коды 0/5/6 приводятся к 4 (others)"
default_credit,default-of-credit-card-clients.xls,9917,9915,EDUCATION,invalid_category,5,4,"EDUCATION in {1,2,3,4}; коды 0/5/6 приводятся к 4 (others)"
default_credit,default-of-credit-card-clients.xls,9976,9974,MARRIAGE,invalid_category,0,3,"MARRIAGE in {1,2,3}; код 0 приводится к 3 (others)"
default_credit,default-of-credit-card-clients.xls,10211,10209,MARRIAGE,invalid_category,0,3,"MARRIAGE in {1,2,3}; код 0 приводится к 3 (others)"
default_credit,default-of-credit-card-clients.xls,10360,10358,EDUCATION,invalid_category,6,4,"EDUCATION in {1,2,3,4}; коды 0/5/6 приводятся к 4 (others)"
default_credit,default-of-credit-card-clients.xls,10482,10480,EDUCATION,invalid_category,5,4,"EDUCATION in {1,2,3,4}; коды 0/5/6 приводятся к 4 (others)"
default_credit,default-of-credit-card-clients.xls,10493,10491,EDUCATION,invalid_category,6,4,"EDUCATION in {1,2,3,4}; коды 0/5/6 приводятся к 4 (others)"
default_credit,default-of-credit-card-clients.xls,10601,10599,EDUCATION,invalid_category,5,4,"EDUCATION in {1,2,3,4}; коды 0/5/6 приводятся к 4 (others)"
default_credit,default-of-credit-card-clients.xls,10682,10680,EDUCATION,invalid_category,5,4,"EDUCATION in {1,2,3,4}; коды 0/5/6 приводятся к 4 (others)"
default_credit,default-of-credit-card-clients.xls,10722,10720,EDUCATION,invalid_category,5,4,"EDUCATION in {1,2,3,4}; коды 0/5/6 приводятся к 4 (others)"
default_credit,default-of-credit-card-clients.xls,10735,10733,EDUCATION,invalid_category,5,4,"EDUCATION in {1,2,3,4}; коды 0/5/6 приводятся к 4 (others)"
default_credit,default-of-credit-card-clients.xls,10867,10865,EDUCATION,invalid_category,5,4,"EDUCATION in {1,2,3,4}; коды 0/5/6 приводятся к 4 (others)"
default_credit,default-of-credit-card-clients.xls,11019,11017,EDUCATION,invalid_category,5,4,"EDUCATION in {1,2,3,4}; коды 0/5/6 приводятся к 4 (others)"
default_credit,default-of-credit-card-clients.xls,11157,11155,EDUCATION,invalid_category,5,4,"EDUCATION in {1,2,3,4}; коды 0/5/6 приводятся к 4 (others)"
default_credit,default-of-credit-card-clients.xls,11188,11186,EDUCATION,invalid_category,5,4,"EDUCATION in {1,2,3,4}; коды 0/5/6 приводятся к 4 (others)"
default_credit,default-of-credit-card-clients.xls,11332,11330,EDUCATION,invalid_category,5,4,"EDUCATION in {1,2,3,4}; коды 0/5/6 приводятся к 4 (others)"
default_credit,default-of-credit-card-clients.xls,11460,11458,EDUCATION,invalid_category,5,4,"EDUCATION in {1,2,3,4}; коды 0/5/6 приводятся к 4 (others)"
default_credit,default-of-credit-card-clients.xls,11727,11725,EDUCATION,invalid_category,6,4,"EDUCATION in {1,2,3,4}; коды 0/5/6 приводятся к 4 (others)"
default_credit,default-of-credit-card-clients.xls,11755,11753,MARRIAGE,invalid_category,0,3,"MARRIAGE in {1,2,3}; код 0 приводится к 3 (others)"
default_credit,default-of-credit-card-clients.xls,11772,11770,EDUCATION,invalid_category,5,4,"EDUCATION in {1,2,3,4}; коды 0/5/6 приводятся к 4 (others)"
default_credit,default-of-credit-card-clients.xls,11786,11784,EDUCATION,invalid_category,5,4,"EDUCATION in {1,2,3,4}; коды 0/5/6 приводятся к 4 (others)"
default_credit,default-of-credit-card-clients.xls,11851,11849,EDUCATION,invalid_category,6,4,"EDUCATION in {1,2,3,4}; коды 0/5/6 приводятся к 4 (others)"
default_credit,default-of-credit-card-clients.xls,11928,11926,MARRIAGE,invalid_category,0,3,"MARRIAGE in {1,2,3}; код 0 приводится к 3 (others)"
default_credit,default-of-credit-card-clients.xls,11933,11931,EDUCATION,invalid_category,5,4,"EDUCATION in {1,2,3,4}; коды 0/5/6 приводятся к 4 (others)"
default_credit,default-of-credit-card-clients.xls,12040,12038,EDUCATION,invalid_category,6,4,"EDUCATION in {1,2,3,4}; коды 0/5/6 приводятся к 4 (others)"
default_credit,default-of-credit-card-clients.xls,12053,12051,MARRIAGE,invalid_category,0,3,"MARRIAGE in {1,2,3}; код 0 приводится к 3 (others)"
default_credit,default-of-credit-card-clients.xls,12062,12060,EDUCATION,invalid_category,5,4,"EDUCATION in {1,2,3,4}; коды 0/5/6 приводятся к 4 (others)"
default_credit,default-of-credit-card-clients.xls,12081,12079,MARRIAGE,invalid_category,0,3,"MARRIAGE in {1,2,3}; код 0 приводится к 3 (others)"
default_credit,default-of-credit-card-clients.xls,12322,12320,EDUCATION,invalid_category,5,4,"EDUCATION in {1,2,3,4}; коды 0/5/6 приводятся к 4 (others)"
default_credit,default-of-credit-card-clients.xls,12344,12342,EDUCATION,invalid_category,5,4,"EDUCATION in {1,2,3,4}; коды 0/5/6 приводятся к 4 (others)"
default_credit,default-of-credit-card-clients.xls,12359,12357,EDUCATION,invalid_category,5,4,"EDUCATION in {1,2,3,4}; коды 0/5/6 приводятся к 4 (others)"
default_credit,default-of-credit-card-clients.xls,12561,12559,EDUCATION,invalid_category,5,4,"EDUCATION in {1,2,3,4}; коды 0/5/6 приводятся к 4 (others)"
default_credit,default-of-credit-card-clients.xls,12623,12621,EDUCATION,invalid_category,5,4,"EDUCATION in {1,2,3,4}; коды 0/5/6 приводятся к 4 (others)"
default_credit,default-of-credit-card-clients.xls,12667,12665,EDUCATION,invalid_category,6,4,"EDUCATION in {1,2,3,4}; коды 0/5/6 приводятся к 4 (others)"
default_credit,default-of-credit-card-clients.xls,12675,12673,EDUCATION,invalid_category,5,4,"EDUCATION in {1,2,3,4}; коды 0/5/6 приводятся к 4 (others)"
default_credit,default-of-credit-card-clients.xls,12735,12733,MARRIAGE,invalid_category,0,3,"MARRIAGE in {1,2,3}; код 0 приводится к 3 (others)"
default_credit,default-of-credit-card-clients.xls,13151,13149,EDUCATION,invalid_category,6,4,"EDUCATION in {1,2,3,4}; коды 0/5/6 приводятся к 4 (others)"
default_credit,default-of-credit-card-clients.xls,13361,13359,EDUCATION,invalid_category,5,4,"EDUCATION in {1,2,3,4}; коды 0/5/6 приводятся к 4 (others)"
default_credit,default-of-credit-card-clients.xls,13595,13593,EDUCATION,invalid_category,5,4,"EDUCATION in {1,2,3,4}; коды 0/5/6 приводятся к 4 (others)"
default_credit,default-of-credit-card-clients.xls,13649,13647,EDUCATION,invalid_category,5,4,"EDUCATION in {1,2,3,4}; коды 0/5/6 приводятся к 4 (others)"
default_credit,default-of-credit-card-clients.xls,13672,13670,EDUCATION,invalid_category,5,4,"EDUCATION in {1,2,3,4}; коды 0/5/6 приводятся к 4 (others)"
default_credit,default-of-credit-card-clients.xls,13763,13761,EDUCATION,invalid_category,6,4,"EDUCATION in {1,2,3,4}; коды 0/5/6 приводятся к 4 (others)"
default_credit,default-of-credit-card-clients.xls,13828,13826,MARRIAGE,invalid_category,0,3,"MARRIAGE in {1,2,3}; код 0 приводится к 3 (others)"
default_credit,default-of-credit-card-clients.xls,13949,13947,EDUCATION,invalid_category,6,4,"EDUCATION in {1,2,3,4}; коды 0/5/6 приводятся к 4 (others)"
default_credit,default-of-credit-card-clients.xls,14062,14060,EDUCATION,invalid_category,5,4,"EDUCATION in {1,2,3,4}; коды 0/5/6 приводятся к 4 (others)"
default_credit,default-of-credit-card-clients.xls,14106,14104,EDUCATION,invalid_category,5,4,"EDUCATION in {1,2,3,4}; коды 0/5/6 приводятся к 4 (others)"
default_credit,default-of-credit-card-clients.xls,14127,14125,EDUCATION,invalid_category,6,4,"EDUCATION in {1,2,3,4}; коды 0/5/6 приводятся к 4 (others)"
default_credit,default-of-credit-card-clients.xls,14139,14137,EDUCATION,invalid_category,5,4,"EDUCATION in {1,2,3,4}; коды 0/5/6 приводятся к 4 (others)"
default_credit,default-of-credit-card-clients.xls,14140,14138,EDUCATION,invalid_category,5,4,"EDUCATION in {1,2,3,4}; коды 0/5/6 приводятся к 4 (others)"
default_credit,default-of-credit-card-clients.xls,14281,14279,EDUCATION,invalid_category,5,4,"EDUCATION in {1,2,3,4}; коды 0/5/6 приводятся к 4 (others)"
default_credit,default-of-credit-card-clients.xls,14539,14537,EDUCATION,invalid_category,5,4,"EDUCATION in {1,2,3,4}; коды 0/5/6 приводятся к 4 (others)"
default_credit,default-of-credit-card-clients.xls,14623,14621,EDUCATION,invalid_category,5,4,"EDUCATION in {1,2,3,4}; коды 0/5/6 приводятся к 4 (others)"
default_credit,default-of-credit-card-clients.xls,14634,14632,EDUCATION,invalid_category,0,4,"EDUCATION in {1,2,3,4}; коды 0/5/6 приводятся к 4 (others)"
default_credit,default-of-credit-card-clients.xls,14741,14739,EDUCATION,invalid_category,5,4,"EDUCATION in {1,2,3,4}; коды 0/5/6 приводятся к 4 (others)"
default_credit,default-of-credit-card-clients.xls,14831,14829,EDUCATION,invalid_category,5,4,"EDUCATION in {1,2,3,4}; коды 0/5/6 приводятся к 4 (others)"
default_credit,default-of-credit-card-clients.xls,14908,14906,EDUCATION,invalid_category,6,4,"EDUCATION in {1,2,3,4}; коды 0/5/6 приводятся к 4 (others)"
default_credit,default-of-credit-card-clients.xls,15080,15078,EDUCATION,invalid_category,6,4,"EDUCATION in {1,2,3,4}; коды 0/5/6 приводятся к 4 (others)"
default_credit,default-of-credit-card-clients.xls,15110,15108,EDUCATION,invalid_category,0,4,"EDUCATION in {1,2,3,4}; коды 0/5/6 приводятся к 4 (others)"
default_credit,default-of-credit-card-clients.xls,15229,15227,EDUCATION,invalid_category,6,4,"EDUCATION in {1,2,3,4}; коды 0/5/6 приводятся к 4 (others)"
default_credit,default-of-credit-card-clients.xls,15272,15270,EDUCATION,invalid_category,5,4,"EDUCATION in {1,2,3,4}; коды 0/5/6 приводятся к 4 (others)"
default_credit,default-of-credit-card-clients.xls,15381,15379,EDUCATION,invalid_category,5,4,"EDUCATION in {1,2,3,4}; коды 0/5/6 приводятся к 4 (others)"
default_credit,default-of-credit-card-clients.xls,15390,15388,EDUCATION,invalid_category,6,4,"EDUCATION in {1,2,3,4}; коды 0/5/6 приводятся к 4 (others)"
default_credit,default-of-credit-card-clients.xls,15405,15403,EDUCATION,invalid_category,5,4,"EDUCATION in {1,2,3,4}; коды 0/5/6 приводятся к 4 (others)"
default_credit,default-of-credit-card-clients.xls,15411,15409,EDUCATION,invalid_category,5,4,"EDUCATION in {1,2,3,4}; коды 0/5/6 приводятся к 4 (others)"
default_credit,default-of-credit-card-clients.xls,15726,15724,EDUCATION,invalid_category,5,4,"EDUCATION in {1,2,3,4}; коды 0/5/6 приводятся к 4 (others)"
default_credit,default-of-credit-card-clients.xls,15910,15908,EDUCATION,invalid_category,5,4,"EDUCATION in {1,2,3,4}; коды 0/5/6 приводятся к 4 (others)"
default_credit,default-of-credit-card-clients.xls,16105,16103,EDUCATION,invalid_category,5,4,"EDUCATION in {1,2,3,4}; коды 0/5/6 приводятся к 4 (others)"
default_credit,default-of-credit-card-clients.xls,16265,16263,EDUCATION,invalid_category,5,4,"EDUCATION in {1,2,3,4}; коды 0/5/6 приводятся к 4 (others)"
default_credit,default-of-credit-card-clients.xls,16320,16318,EDUCATION,invalid_category,5,4,"EDUCATION in {1,2,3,4}; коды 0/5/6 приводятся к 4 (others)"
default_credit,default-of-credit-card-clients.xls,16354,16352,EDUCATION,invalid_category,5,4,"EDUCATION in {1,2,3,4}; коды 0/5/6 приводятся к 4 (others)"
default_credit,default-of-credit-card-clients.xls,16429,16427,EDUCATION,invalid_category,5,4,"EDUCATION in {1,2,3,4}; коды 0/5/6 приводятся к 4 (others)"
default_credit,default-of-credit-card-clients.xls,16433,16431,EDUCATION,invalid_category,5,4,"EDUCATION in {1,2,3,4}; коды 0/5/6 приводятся к 4 (others)"
default_credit,default-of-credit-card-clients.xls,16444,16442,EDUCATION,invalid_category,5,4,"EDUCATION in {1,2,3,4}; коды 0/5/6 приводятся к 4 (others)"
default_credit,default-of-credit-card-clients.xls,16584,16582,MARRIAGE,invalid_category,0,3,"MARRIAGE in {1,2,3}; код 0 приводится к 3 (others)"
default_credit,default-of-credit-card-clients.xls,16697,16695,EDUCATION,invalid_category,5,4,"EDUCATION in {1,2,3,4}; коды 0/5/6 приводятся к 4 (others)"
default_credit,default-of-credit-card-clients.xls,16718,16716,EDUCATION,invalid_category,6,4,"EDUCATION in {1,2,3,4}; коды 0/5/6 приводятся к 4 (others)"
default_credit,default-of-credit-card-clients.xls,16793,16791,EDUCATION,invalid_category,5,4,"EDUCATION in {1,2,3,4}; коды 0/5/6 приводятся к 4 (others)"
default_credit,default-of-credit-card-clients.xls,16823,16821,EDUCATION,invalid_category,6,4,"EDUCATION in {1,2,3,4}; коды 0/5/6 приводятся к 4 (others)"
default_credit,default-of-credit-card-clients.xls,16839,16837,EDUCATION,invalid_category,5,4,"EDUCATION in {1,2,3,4}; коды 0/5/6 приводятся к 4 (others)"
default_credit,default-of-credit-card-clients.xls,16884,16882,EDUCATION,invalid_category,0,4,"EDUCATION in {1,2,3,4}; коды 0/5/6 приводятся к 4 (others)"
default_credit,default-of-credit-card-clients.xls,16899,16897,EDUCATION,invalid_category,0,4,"EDUCATION in {1,2,3,4}; коды 0/5/6 приводятся к 4 (others)"
default_credit,default-of-credit-card-clients.xls,16950,16948,EDUCATION,invalid_category,5,4,"EDUCATION in {1,2,3,4}; коды 0/5/6 приводятся к 4 (others)"
default_credit,default-of-credit-card-clients.xls,16954,16952,EDUCATION,invalid_category,5,4,"EDUCATION in {1,2,3,4}; коды 0/5/6 приводятся к 4 (others)"
default_credit,default-of-credit-card-clients.xls,17195,17193,EDUCATION,invalid_category,5,4,"EDUCATION in {1,2,3,4}; коды 0/5/6 приводятся к 4 (others)"
default_credit,default-of-credit-card-clients.xls,17288,17286,MARRIAGE,invalid_category,0,3,"MARRIAGE in {1,2,3}; код 0 приводится к 3 (others)"
default_credit,default-of-credit-card-clients.xls,17324,17322,EDUCATION,invalid_category,5,4,"EDUCATION in {1,2,3,4}; коды 0/5/6 приводятся к 4 (others)"
default_credit,default-of-credit-card-clients.xls,17417,17415,EDUCATION,invalid_category,0,4,"EDUCATION in {1,2,3,4}; коды 0/5/6 приводятся к 4 (others)"
default_credit,default-of-credit-card-clients.xls,17478,17476,EDUCATION,invalid_category,5,4,"EDUCATION in {1,2,3,4}; коды 0/5/6 приводятся к 4 (others)"
default_credit,default-of-credit-card-clients.xls,17524,17522,EDUCATION,invalid_category,6,4,"EDUCATION in {1,2,3,4}; коды 0/5/6 приводятся к 4 (others)"
default_credit,default-of-credit-card-clients.xls,17532,17530,MARRIAGE,invalid_category,0,3,"MARRIAGE in {1,2,3}; код 0 приводится к 3 (others)"
default_credit,default-of-credit-card-clients.xls,17579,17577,MARRIAGE,invalid_category,0,3,"MARRIAGE in {1,2,3}; код 0 приводится к 3 (others)"
default_credit,default-of-credit-card-clients.xls,17805,17803,EDUCATION,invalid_category,5,4,"EDUCATION in {1,2,3,4}; коды 0/5/6 приводятся к 4 (others)"
default_credit,default-of-credit-card-clients.xls,17830,17828,EDUCATION,invalid_category,5,4,"EDUCATION in {1,2,3,4}; коды 0/5/6 приводятся к 4 (others)"
default_credit,default-of-credit-card-clients.xls,18117,18115,EDUCATION,invalid_category,5,4,"EDUCATION in {1,2,3,4}; коды 0/5/6 приводятся к 4 (others)"
default_credit,default-of-credit-card-clients.xls,18309,18307,MARRIAGE,invalid_category,0,3,"MARRIAGE in {1,2,3}; код 0 приводится к 3 (others)"
default_credit,default-of-credit-card-clients.xls,18342,18340,EDUCATION,invalid_category,6,4,"EDUCATION in {1,2,3,4}; коды 0/5/6 приводятся к 4 (others)"
default_credit,default-of-credit-card-clients.xls,18382,18380,EDUCATION,invalid_category,5,4,"EDUCATION in {1,2,3,4}; коды 0/5/6 приводятся к 4 (others)"
default_credit,default-of-credit-card-clients.xls,18416,18414,EDUCATION,invalid_category,5,4,"EDUCATION in {1,2,3,4}; коды 0/5/6 приводятся к 4 (others)"
default_credit,default-of-credit-card-clients.xls,18439,18437,EDUCATION,invalid_category,5,4,"EDUCATION in {1,2,3,4}; коды 0/5/6 приводятся к 4 (others)"
default_credit,default-of-credit-card-clients.xls,18449,18447,EDUCATION,invalid_category,5,4,"EDUCATION in {1,2,3,4}; коды 0/5/6 приводятся к 4 (others)"
default_credit,default-of-credit-card-clients.xls,18450,18448,EDUCATION,invalid_category,5,4,"EDUCATION in {1,2,3,4}; коды 0/5/6 приводятся к 4 (others)"
default_credit,default-of-credit-card-clients.xls,18502,18500,EDUCATION,invalid_category,5,4,"EDUCATION in {1,2,3,4}; коды 0/5/6 приводятся к 4 (others)"
default_credit,default-of-credit-card-clients.xls,18538,18536,MARRIAGE,invalid_category,0,3,"MARRIAGE in {1,2,3}; код 0 приводится к 3 (others)"
default_credit,default-of-credit-card-clients.xls,18620,18618,EDUCATION,invalid_category,5,4,"EDUCATION in {1,2,3,4}; коды 0/5/6 приводятся к 4 (others)"
default_credit,default-of-credit-card-clients.xls,18863,18861,EDUCATION,invalid_category,5,4,"EDUCATION in {1,2,3,4}; коды 0/5/6 приводятся к 4 (others)"
default_credit,default-of-credit-card-clients.xls,18901,18899,EDUCATION,invalid_category,5,4,"EDUCATION in {1,2,3,4}; коды 0/5/6 приводятся к 4 (others)"
default_credit,default-of-credit-card-clients.xls,18951,18949,MARRIAGE,invalid_category,0,3,"MARRIAGE in {1,2,3}; код 0 приводится к 3 (others)"
default_credit,default-of-credit-card-clients.xls,18959,18957,EDUCATION,invalid_category,5,4,"EDUCATION in {1,2,3,4}; коды 0/5/6 приводятся к 4 (others)"
default_credit,default-of-credit-card-clients.xls,18971,18969,EDUCATION,invalid_category,5,4,"EDUCATION in {1,2,3,4}; коды 0/5/6 приводятся к 4 (others)"
default_credit,default-of-credit-card-clients.xls,19011,19009,EDUCATION,invalid_category,5,4,"EDUCATION in {1,2,3,4}; коды 0/5/6 приводятся к 4 (others)"
default_credit,default-of-credit-card-clients.xls,19064,19062,EDUCATION,invalid_category,5,4,"EDUCATION in {1,2,3,4}; коды 0/5/6 приводятся к 4 (others)"
default_credit,default-of-credit-card-clients.xls,19149,19147,EDUCATION,invalid_category,5,4,"EDUCATION in {1,2,3,4}; коды 0/5/6 приводятся к 4 (others)"
default_credit,default-of-credit-card-clients.xls,19224,19222,EDUCATION,invalid_category,5,4,"EDUCATION in {1,2,3,4}; коды 0/5/6 приводятся к 4 (others)"
default_credit,default-of-credit-card-clients.xls,19236,19234,EDUCATION,invalid_category,5,4,"EDUCATION in {1,2,3,4}; коды 0/5/6 приводятся к 4 (others)"
default_credit,default-of-credit-card-clients.xls,19341,19339,EDUCATION,invalid_category,5,4,"EDUCATION in {1,2,3,4}; коды 0/5/6 приводятся к 4 (others)"
default_credit,default-of-credit-card-clients.xls,19345,19343,MARRIAGE,invalid_category,0,3,"MARRIAGE in {1,2,3}; код 0 приводится к 3 (others)"
default_credit,default-of-credit-card-clients.xls,19367,19365,EDUCATION,invalid_category,5,4,"EDUCATION in {1,2,3,4}; коды 0/5/6 приводятся к 4 (others)"
default_credit,default-of-credit-card-clients.xls,19389,19387,MARRIAGE,invalid_category,0,3,"MARRIAGE in {1,2,3}; код 0 приводится к 3 (others)"
default_credit,default-of-credit-card-clients.xls,19500,19498,EDUCATION,invalid_category,5,4,"EDUCATION in {1,2,3,4}; коды 0/5/6 приводятся к 4 (others)"
default_credit,default-of-credit-card-clients.xls,19504,19502,EDUCATION,invalid_category,5,4,"EDUCATION in {1,2,3,4}; коды 0/5/6 приводятся к 4 (others)"
default_credit,default-of-credit-card-clients.xls,19556,19554,EDUCATION,invalid_category,5,4,"EDUCATION in {1,2,3,4}; коды 0/5/6 приводятся к 4 (others)"
default_credit,default-of-credit-card-clients.xls,19623,19621,EDUCATION,invalid_category,5,4,"EDUCATION in {1,2,3,4}; коды 0/5/6 приводятся к 4 (others)"
default_credit,default-of-credit-card-clients.xls,19774,19772,EDUCATION,invalid_category,5,4,"EDUCATION in {1,2,3,4}; коды 0/5/6 приводятся к 4 (others)"
default_credit,default-of-credit-card-clients.xls,19853,19851,EDUCATION,invalid_category,5,4,"EDUCATION in {1,2,3,4}; коды 0/5/6 приводятся к 4 (others)"
default_credit,default-of-credit-card-clients.xls,19923,19921,EDUCATION,invalid_category,0,4,"EDUCATION in {1,2,3,4}; коды 0/5/6 приводятся к 4 (others)"
default_credit,default-of-credit-card-clients.xls,20033,20031,EDUCATION,invalid_category,0,4,"EDUCATION in {1,2,3,4}; коды 0/5/6 приводятся к 4 (others)"
default_credit,default-of-credit-card-clients.xls,20085,20083,EDUCATION,invalid_category,5,4,"EDUCATION in {1,2,3,4}; коды 0/5/6 приводятся к 4 (others)"
default_credit,default-of-credit-card-clients.xls,20122,20120,MARRIAGE,invalid_category,0,3,"MARRIAGE in {1,2,3}; код 0 приводится к 3 (others)"
default_credit,default-of-credit-card-clients.xls,20187,20185,EDUCATION,invalid_category,5,4,"EDUCATION in {1,2,3,4}; коды 0/5/6 приводятся к 4 (others)"
default_credit,default-of-credit-card-clients.xls,20198,20196,EDUCATION,invalid_category,5,4,"EDUCATION in {1,2,3,4}; коды 0/5/6 приводятся к 4 (others)"
default_credit,default-of-credit-card-clients.xls,20229,20227,EDUCATION,invalid_category,6,4,"EDUCATION in {1,2,3,4}; коды 0/5/6 приводятся к 4 (others)"
default_credit,default-of-credit-card-clients.xls,20248,20246,EDUCATION,invalid_category,5,4,"EDUCATION in {1,2,3,4}; коды 0/5/6 приводятся к 4 (others)"
default_credit,default-of-credit-card-clients.xls,20327,20325,EDUCATION,invalid_category,5,4,"EDUCATION in {1,2,3,4}; коды 0/5/6 приводятся к 4 (others)"
default_credit,default-of-credit-card-clients.xls,20337,20335,EDUCATION,invalid_category,5,4,"EDUCATION in {1,2,3,4}; коды 0/5/6 приводятся к 4 (others)"
default_credit,default-of-credit-card-clients.xls,20378,20376,EDUCATION,invalid_category,5,4,"EDUCATION in {1,2,3,4}; коды 0/5/6 приводятся к 4 (others)"
default_credit,default-of-credit-card-clients.xls,20452,20450,MARRIAGE,invalid_category,0,3,"MARRIAGE in {1,2,3}; код 0 приводится к 3 (others)"
default_credit,default-of-credit-card-clients.xls,20472,20470,EDUCATION,invalid_category,5,4,"EDUCATION in {1,2,3,4}; коды 0/5/6 приводятся к 4 (others)"
default_credit,default-of-credit-card-clients.xls,20498,20496,EDUCATION,invalid_category,5,4,"EDUCATION in {1,2,3,4}; коды 0/5/6 приводятся к 4 (others)"
default_credit,default-of-credit-card-clients.xls,20510,20508,EDUCATION,invalid_category,5,4,"EDUCATION in {1,2,3,4}; коды 0/5/6 приводятся к 4 (others)"
default_credit,default-of-credit-card-clients.xls,20519,20517,EDUCATION,invalid_category,5,4,"EDUCATION in {1,2,3,4}; коды 0/5/6 приводятся к 4 (others)"
default_credit,default-of-credit-card-clients.xls,20546,20544,EDUCATION,invalid_category,5,4,"EDUCATION in {1,2,3,4}; коды 0/5/6 приводятся к 4 (others)"
default_credit,default-of-credit-card-clients.xls,20658,20656,EDUCATION,invalid_category,5,4,"EDUCATION in {1,2,3,4}; коды 0/5/6 приводятся к 4 (others)"
default_credit,default-of-credit-card-clients.xls,20812,20810,EDUCATION,invalid_category,6,4,"EDUCATION in {1,2,3,4}; коды 0/5/6 приводятся к 4 (others)"
default_credit,default-of-credit-card-clients.xls,20846,20844,EDUCATION,invalid_category,6,4,"EDUCATION in {1,2,3,4}; коды 0/5/6 приводятся к 4 (others)"
default_credit,default-of-credit-card-clients.xls,20875,20873,EDUCATION,invalid_category,5,4,"EDUCATION in {1,2,3,4}; коды 0/5/6 приводятся к 4 (others)"
default_credit,default-of-credit-card-clients.xls,20979,20977,EDUCATION,invalid_category,5,4,"EDUCATION in {1,2,3,4}; коды 0/5/6 приводятся к 4 (others)"
default_credit,default-of-credit-card-clients.xls,21009,21007,EDUCATION,invalid_category,5,4,"EDUCATION in {1,2,3,4}; коды 0/5/6 приводятся к 4 (others)"
default_credit,default-of-credit-card-clients.xls,21091,21089,EDUCATION,invalid_category,5,4,"EDUCATION in {1,2,3,4}; коды 0/5/6 приводятся к 4 (others)"
default_credit,default-of-credit-card-clients.xls,21095,21093,EDUCATION,invalid_category,5,4,"EDUCATION in {1,2,3,4}; коды 0/5/6 приводятся к 4 (others)"
default_credit,default-of-credit-card-clients.xls,21175,21173,EDUCATION,invalid_category,5,4,"EDUCATION in {1,2,3,4}; коды 0/5/6 приводятся к 4 (others)"
default_credit,default-of-credit-card-clients.xls,21242,21240,EDUCATION,invalid_category,5,4,"EDUCATION in {1,2,3,4}; коды 0/5/6 приводятся к 4 (others)"
default_credit,default-of-credit-card-clients.xls,21311,21309,EDUCATION,invalid_category,5,4,"EDUCATION in {1,2,3,4}; коды 0/5/6 приводятся к 4 (others)"
default_credit,default-of-credit-card-clients.xls,21339,21337,EDUCATION,invalid_category,6,4,"EDUCATION in {1,2,3,4}; коды 0/5/6 приводятся к 4 (others)"
default_credit,default-of-credit-card-clients.xls,21436,21434,EDUCATION,invalid_category,5,4,"EDUCATION in {1,2,3,4}; коды 0/5/6 приводятся к 4 (others)"
default_credit,default-of-credit-card-clients.xls,21562,21560,MARRIAGE,invalid_category,0,3,"MARRIAGE in {1,2,3}; код 0 приводится к 3 (others)"
default_credit,default-of-credit-card-clients.xls,21636,21634,EDUCATION,invalid_category,5,4,"EDUCATION in {1,2,3,4}; коды 0/5/6 приводятся к 4 (others)"
default_credit,default-of-credit-card-clients.xls,21672,21670,EDUCATION,invalid_category,5,4,"EDUCATION in {1,2,3,4}; коды 0/5/6 приводятся к 4 (others)"
default_credit,default-of-credit-card-clients.xls,21695,21693,EDUCATION,invalid_category,5,4,"EDUCATION in {1,2,3,4}; коды 0/5/6 приводятся к 4 (others)"
default_credit,default-of-credit-card-clients.xls,21707,21705,EDUCATION,invalid_category,5,4,"EDUCATION in {1,2,3,4}; коды 0/5/6 приводятся к 4 (others)"
default_credit,default-of-credit-card-clients.xls,21840,21838,EDUCATION,invalid_category,5,4,"EDUCATION in {1,2,3,4}; коды 0/5/6 приводятся к 4 (others)"
default_credit,default-of-credit-card-clients.xls,21854,21852,EDUCATION,invalid_category,5,4,"EDUCATION in {1,2,3,4}; коды 0/5/6 приводятся к 4 (others)"
default_credit,default-of-credit-card-clients.xls,21932,21930,EDUCATION,invalid_category,5,4,"EDUCATION in {1,2,3,4}; коды 0/5/6 приводятся к 4 (others)"
default_credit,default-of-credit-card-clients.xls,22042,22040,EDUCATION,invalid_category,5,4,"EDUCATION in {1,2,3,4}; коды 0/5/6 приводятся к 4 (others)"
default_credit,default-of-credit-card-clients.xls,22134,22132,EDUCATION,invalid_category,5,4,"EDUCATION in {1,2,3,4}; коды 0/5/6 приводятся к 4 (others)"
default_credit,default-of-credit-card-clients.xls,22403,22401,EDUCATION,invalid_category,5,4,"EDUCATION in {1,2,3,4}; коды 0/5/6 приводятся к 4 (others)"
default_credit,default-of-credit-card-clients.xls,22464,22462,EDUCATION,invalid_category,6,4,"EDUCATION in {1,2,3,4}; коды 0/5/6 приводятся к 4 (others)"
default_credit,default-of-credit-card-clients.xls,22480,22478,EDUCATION,invalid_category,5,4,"EDUCATION in {1,2,3,4}; коды 0/5/6 приводятся к 4 (others)"
default_credit,default-of-credit-card-clients.xls,22533,22531,EDUCATION,invalid_category,5,4,"EDUCATION in {1,2,3,4}; коды 0/5/6 приводятся к 4 (others)"
default_credit,default-of-credit-card-clients.xls,22593,22591,MARRIAGE,invalid_category,0,3,"MARRIAGE in {1,2,3}; код 0 приводится к 3 (others)"
default_credit,default-of-credit-card-clients.xls,22603,22601,EDUCATION,invalid_category,6,4,"EDUCATION in {1,2,3,4}; коды 0/5/6 приводятся к 4 (others)"
default_credit,default-of-credit-card-clients.xls,22633,22631,EDUCATION,invalid_category,5,4,"EDUCATION in {1,2,3,4}; коды 0/5/6 приводятся к 4 (others)"
default_credit,default-of-credit-card-clients.xls,22722,22720,EDUCATION,invalid_category,5,4,"EDUCATION in {1,2,3,4}; коды 0/5/6 приводятся к 4 (others)"
default_credit,default-of-credit-card-clients.xls,22731,22729,EDUCATION,invalid_category,5,4,"EDUCATION in {1,2,3,4}; коды 0/5/6 приводятся к 4 (others)"
default_credit,default-of-credit-card-clients.xls,22876,22874,EDUCATION,invalid_category,5,4,"EDUCATION in {1,2,3,4}; коды 0/5/6 приводятся к 4 (others)"
default_credit,default-of-credit-card-clients.xls,22882,22880,EDUCATION,invalid_category,5,4,"EDUCATION in {1,2,3,4}; коды 0/5/6 приводятся к 4 (others)"
default_credit,default-of-credit-card-clients.xls,22928,22926,EDUCATION,invalid_category,5,4,"EDUCATION in {1,2,3,4}; коды 0/5/6 приводятся к 4 (others)"
default_credit,default-of-credit-card-clients.xls,22944,22942,EDUCATION,invalid_category,5,4,"EDUCATION in {1,2,3,4}; коды 0/5/6 приводятся к 4 (others)"
default_credit,default-of-credit-card-clients.xls,23032,23030,MARRIAGE,invalid_category,0,3,"MARRIAGE in {1,2,3}; код 0 приводится к 3 (others)"
default_credit,default-of-credit-card-clients.xls,23035,23033,EDUCATION,invalid_category,5,4,"EDUCATION in {1,2,3,4}; коды 0/5/6 приводятся к 4 (others)"
default_credit,default-of-credit-card-clients.xls,23044,23042,EDUCATION,invalid_category,5,4,"EDUCATION in {1,2,3,4}; коды 0/5/6 приводятся к 4 (others)"
default_credit,default-of-credit-card-clients.xls,23081,23079,EDUCATION,invalid_category,5,4,"EDUCATION in {1,2,3,4}; коды 0/5/6 приводятся к 4 (others)"
default_credit,default-of-credit-card-clients.xls,23106,23104,MARRIAGE,invalid_category,0,3,"MARRIAGE in {1,2,3}; код 0 приводится к 3 (others)"
default_credit,default-of-credit-card-clients.xls,23120,23118,EDUCATION,invalid_category,5,4,"EDUCATION in {1,2,3,4}; коды 0/5/6 приводятся к 4 (others)"
default_credit,default-of-credit-card-clients.xls,23122,23120,EDUCATION,invalid_category,5,4,"EDUCATION in {1,2,3,4}; коды 0/5/6 приводятся к 4 (others)"
default_credit,default-of-credit-card-clients.xls,23126,23124,EDUCATION,invalid_category,5,4,"EDUCATION in {1,2,3,4}; коды 0/5/6 приводятся к 4 (others)"
default_credit,default-of-credit-card-clients.xls,23138,23136,MARRIAGE,invalid_category,0,3,"MARRIAGE in {1,2,3}; код 0 приводится к 3 (others)"
default_credit,default-of-credit-card-clients.xls,23139,23137,EDUCATION,invalid_category,5,4,"EDUCATION in {1,2,3,4}; коды 0/5/6 приводятся к 4 (others)"
default_credit,default-of-credit-card-clients.xls,23210,23208,EDUCATION,invalid_category,5,4,"EDUCATION in {1,2,3,4}; коды 0/5/6 приводятся к 4 (others)"
default_credit,default-of-credit-card-clients.xls,23211,23209,EDUCATION,invalid_category,5,4,"EDUCATION in {1,2,3,4}; коды 0/5/6 приводятся к 4 (others)"
default_credit,default-of-credit-card-clients.xls,23237,23235,EDUCATION,invalid_category,0,4,"EDUCATION in {1,2,3,4}; коды 0/5/6 приводятся к 4 (others)"
default_credit,default-of-credit-card-clients.xls,23363,23361,MARRIAGE,invalid_category,0,3,"MARRIAGE in {1,2,3}; код 0 приводится к 3 (others)"
default_credit,default-of-credit-card-clients.xls,23379,23377,EDUCATION,invalid_category,5,4,"EDUCATION in {1,2,3,4}; коды 0/5/6 приводятся к 4 (others)"
default_credit,default-of-credit-card-clients.xls,23412,23410,EDUCATION,invalid_category,6,4,"EDUCATION in {1,2,3,4}; коды 0/5/6 приводятся к 4 (others)"
default_credit,default-of-credit-card-clients.xls,23451,23449,EDUCATION,invalid_category,6,4,"EDUCATION in {1,2,3,4}; коды 0/5/6 приводятся к 4 (others)"
default_credit,default-of-credit-card-clients.xls,23566,23564,EDUCATION,invalid_category,5,4,"EDUCATION in {1,2,3,4}; коды 0/5/6 приводятся к 4 (others)"
default_credit,default-of-credit-card-clients.xls,23591,23589,EDUCATION,invalid_category,5,4,"EDUCATION in {1,2,3,4}; коды 0/5/6 приводятся к 4 (others)"
default_credit,default-of-credit-card-clients.xls,23623,23621,EDUCATION,invalid_category,5,4,"EDUCATION in {1,2,3,4}; коды 0/5/6 приводятся к 4 (others)"
default_credit,default-of-credit-card-clients.xls,23763,23761,EDUCATION,invalid_category,5,4,"EDUCATION in {1,2,3,4}; коды 0/5/6 приводятся к 4 (others)"
default_credit,default-of-credit-card-clients.xls,23930,23928,EDUCATION,invalid_category,6,4,"EDUCATION in {1,2,3,4}; коды 0/5/6 приводятся к 4 (others)"
default_credit,default-of-credit-card-clients.xls,24001,23999,EDUCATION,invalid_category,5,4,"EDUCATION in {1,2,3,4}; коды 0/5/6 приводятся к 4 (others)"
default_credit,default-of-credit-card-clients.xls,24006,24004,EDUCATION,invalid_category,5,4,"EDUCATION in {1,2,3,4}; коды 0/5/6 приводятся к 4 (others)"
default_credit,default-of-credit-card-clients.xls,24053,24051,EDUCATION,invalid_category,6,4,"EDUCATION in {1,2,3,4}; коды 0/5/6 приводятся к 4 (others)"
default_credit,default-of-credit-card-clients.xls,24060,24058,EDUCATION,invalid_category,5,4,"EDUCATION in {1,2,3,4}; коды 0/5/6 приводятся к 4 (others)"
default_credit,default-of-credit-card-clients.xls,24093,24091,EDUCATION,invalid_category,6,4,"EDUCATION in {1,2,3,4}; коды 0/5/6 приводятся к 4 (others)"
default_credit,default-of-credit-card-clients.xls,24140,24138,EDUCATION,invalid_category,0,4,"EDUCATION in {1,2,3,4}; коды 0/5/6 приводятся к 4 (others)"
default_credit,default-of-credit-card-clients.xls,24161,24159,EDUCATION,invalid_category,5,4,"EDUCATION in {1,2,3,4}; коды 0/5/6 приводятся к 4 (others)"
default_credit,default-of-credit-card-clients.xls,24219,24217,MARRIAGE,invalid_category,0,3,"MARRIAGE in {1,2,3}; код 0 приводится к 3 (others)"
default_credit,default-of-credit-card-clients.xls,24298,24296,EDUCATION,invalid_category,5,4,"EDUCATION in {1,2,3,4}; коды 0/5/6 приводятся к 4 (others)"
default_credit,default-of-credit-card-clients.xls,24314,24312,EDUCATION,invalid_category,5,4,"EDUCATION in {1,2,3,4}; коды 0/5/6 приводятся к 4 (others)"
default_credit,default-of-credit-card-clients.xls,24379,24377,EDUCATION,invalid_category,5,4,"EDUCATION in {1,2,3,4}; коды 0/5/6 приводятся к 4 (others)"
default_credit,default-of-credit-card-clients.xls,24392,24390,EDUCATION,invalid_category,5,4,"EDUCATION in {1,2,3,4}; коды 0/5/6 приводятся к 4 (others)"
default_credit,default-of-credit-card-clients.xls,24395,24393,EDUCATION,invalid_category,6,4,"EDUCATION in {1,2,3,4}; коды 0/5/6 приводятся к 4 (others)"
default_credit,default-of-credit-card-clients.xls,24446,24444,MARRIAGE,invalid_category,0,3,"MARRIAGE in {1,2,3}; код 0 приводится к 3 (others)"
default_credit,default-of-credit-card-clients.xls,24456,24454,EDUCATION,invalid_category,5,4,"EDUCATION in {1,2,3,4}; коды 0/5/6 приводятся к 4 (others)"
default_credit,default-of-credit-card-clients.xls,24552,24550,EDUCATION,invalid_category,5,4,"EDUCATION in {1,2,3,4}; коды 0/5/6 приводятся к 4 (others)"
default_credit,default-of-credit-card-clients.xls,24553,24551,EDUCATION,invalid_category,5,4,"EDUCATION in {1,2,3,4}; коды 0/5/6 приводятся к 4 (others)"
default_credit,default-of-credit-card-clients.xls,24722,24720,EDUCATION,invalid_category,5,4,"EDUCATION in {1,2,3,4}; коды 0/5/6 приводятся к 4 (others)"
default_credit,default-of-credit-card-clients.xls,24724,24722,MARRIAGE,invalid_category,0,3,"MARRIAGE in {1,2,3}; код 0 приводится к 3 (others)"
default_credit,default-of-credit-card-clients.xls,24766,24764,EDUCATION,invalid_category,5,4,"EDUCATION in {1,2,3,4}; коды 0/5/6 приводятся к 4 (others)"
default_credit,default-of-credit-card-clients.xls,24904,24902,EDUCATION,invalid_category,5,4,"EDUCATION in {1,2,3,4}; коды 0/5/6 приводятся к 4 (others)"
default_credit,default-of-credit-card-clients.xls,24970,24968,EDUCATION,invalid_category,5,4,"EDUCATION in {1,2,3,4}; коды 0/5/6 приводятся к 4 (others)"
default_credit,default-of-credit-card-clients.xls,24987,24985,MARRIAGE,invalid_category,0,3,"MARRIAGE in {1,2,3}; код 0 приводится к 3 (others)"
default_credit,default-of-credit-card-clients.xls,24998,24996,EDUCATION,invalid_category,6,4,"EDUCATION in {1,2,3,4}; коды 0/5/6 приводятся к 4 (others)"
default_credit,default-of-credit-card-clients.xls,25058,25056,EDUCATION,invalid_category,5,4,"EDUCATION in {1,2,3,4}; коды 0/5/6 приводятся к 4 (others)"
default_credit,default-of-credit-card-clients.xls,25102,25100,EDUCATION,invalid_category,5,4,"EDUCATION in {1,2,3,4}; коды 0/5/6 приводятся к 4 (others)"
default_credit,default-of-credit-card-clients.xls,25126,25124,EDUCATION,invalid_category,5,4,"EDUCATION in {1,2,3,4}; коды 0/5/6 приводятся к 4 (others)"
default_credit,default-of-credit-card-clients.xls,25311,25309,MARRIAGE,invalid_category,0,3,"MARRIAGE in {1,2,3}; код 0 приводится к 3 (others)"
default_credit,default-of-credit-card-clients.xls,25328,25326,EDUCATION,invalid_category,5,4,"EDUCATION in {1,2,3,4}; коды 0/5/6 приводятся к 4 (others)"
default_credit,default-of-credit-card-clients.xls,25346,25344,EDUCATION,invalid_category,5,4,"EDUCATION in {1,2,3,4}; коды 0/5/6 приводятся к 4 (others)"
default_credit,default-of-credit-card-clients.xls,25396,25394,EDUCATION,invalid_category,5,4,"EDUCATION in {1,2,3,4}; коды 0/5/6 приводятся к 4 (others)"
default_credit,default-of-credit-card-clients.xls,25472,25470,EDUCATION,invalid_category,5,4,"EDUCATION in {1,2,3,4}; коды 0/5/6 приводятся к 4 (others)"
default_credit,default-of-credit-card-clients.xls,25484,25482,EDUCATION,invalid_category,5,4,"EDUCATION in {1,2,3,4}; коды 0/5/6 приводятся к 4 (others)"
default_credit,default-of-credit-card-clients.xls,25604,25602,EDUCATION,invalid_category,5,4,"EDUCATION in {1,2,3,4}; коды 0/5/6 приводятся к 4 (others)"
default_credit,default-of-credit-card-clients.xls,25705,25703,MARRIAGE,invalid_category,0,3,"MARRIAGE in {1,2,3}; код 0 приводится к 3 (others)"
default_credit,default-of-credit-card-clients.xls,25757,25755,EDUCATION,invalid_category,5,4,"EDUCATION in {1,2,3,4}; коды 0/5/6 приводятся к 4 (others)"
default_credit,default-of-credit-card-clients.xls,25802,25800,EDUCATION,invalid_category,5,4,"EDUCATION in {1,2,3,4}; коды 0/5/6 приводятся к 4 (others)"
default_credit,default-of-credit-card-clients.xls,25846,25844,EDUCATION,invalid_category,5,4,"EDUCATION in {1,2,3,4}; коды 0/5/6 приводятся к 4 (others)"
default_credit,default-of-credit-card-clients.xls,26069,26067,EDUCATION,invalid_category,5,4,"EDUCATION in {1,2,3,4}; коды 0/5/6 приводятся к 4 (others)"
default_credit,default-of-credit-card-clients.xls,26070,26068,EDUCATION,invalid_category,5,4,"EDUCATION in {1,2,3,4}; коды 0/5/6 приводятся к 4 (others)"
default_credit,default-of-credit-card-clients.xls,26154,26152,EDUCATION,invalid_category,5,4,"EDUCATION in {1,2,3,4}; коды 0/5/6 приводятся к 4 (others)"
default_credit,default-of-credit-card-clients.xls,26253,26251,MARRIAGE,invalid_category,0,3,"MARRIAGE in {1,2,3}; код 0 приводится к 3 (others)"
default_credit,default-of-credit-card-clients.xls,26319,26317,EDUCATION,invalid_category,6,4,"EDUCATION in {1,2,3,4}; коды 0/5/6 приводятся к 4 (others)"
default_credit,default-of-credit-card-clients.xls,26534,26532,EDUCATION,invalid_category,6,4,"EDUCATION in {1,2,3,4}; коды 0/5/6 приводятся к 4 (others)"
default_credit,default-of-credit-card-clients.xls,26549,26547,EDUCATION,invalid_category,5,4,"EDUCATION in {1,2,3,4}; коды 0/5/6 приводятся к 4 (others)"
default_credit,default-of-credit-card-clients.xls,26656,26654,EDUCATION,invalid_category,5,4,"EDUCATION in {1,2,3,4}; коды 0/5/6 приводятся к 4 (others)"
default_credit,default-of-credit-card-clients.xls,26675,26673,EDUCATION,invalid_category,5,4,"EDUCATION in {1,2,3,4}; коды 0/5/6 приводятся к 4 (others)"
default_credit,default-of-credit-card-clients.xls,26888,26886,EDUCATION,invalid_category,5,4,"EDUCATION in {1,2,3,4}; коды 0/5/6 приводятся к 4 (others)"
default_credit,default-of-credit-card-clients.xls,26943,26941,EDUCATION,invalid_category,5,4,"EDUCATION in {1,2,3,4}; коды 0/5/6 приводятся к 4 (others)"
default_credit,default-of-credit-card-clients.xls,27006,27004,EDUCATION,invalid_category,5,4,"EDUCATION in {1,2,3,4}; коды 0/5/6 приводятся к 4 (others)"
default_credit,default-of-credit-card-clients.xls,27057,27055,EDUCATION,invalid_category,5,4,"EDUCATION in {1,2,3,4}; коды 0/5/6 приводятся к 4 (others)"
default_credit,default-of-credit-card-clients.xls,27089,27087,EDUCATION,invalid_category,5,4,"EDUCATION in {1,2,3,4}; коды 0/5/6 приводятся к 4 (others)"
default_credit,default-of-credit-card-clients.xls,27115,27113,EDUCATION,invalid_category,6,4,"EDUCATION in {1,2,3,4}; коды 0/5/6 приводятся к 4 (others)"
default_credit,default-of-credit-card-clients.xls,27147,27145,EDUCATION,invalid_category,5,4,"EDUCATION in {1,2,3,4}; коды 0/5/6 приводятся к 4 (others)"
default_credit,default-of-credit-card-clients.xls,27158,27156,EDUCATION,invalid_category,0,4,"EDUCATION in {1,2,3,4}; коды 0/5/6 приводятся к 4 (others)"
default_credit,default-of-credit-card-clients.xls,27234,27232,EDUCATION,invalid_category,5,4,"EDUCATION in {1,2,3,4}; коды 0/5/6 приводятся к 4 (others)"
default_credit,default-of-credit-card-clients.xls,27273,27271,EDUCATION,invalid_category,0,4,"EDUCATION in {1,2,3,4}; коды 0/5/6 приводятся к 4 (others)"
default_credit,default-of-credit-card-clients.xls,27319,27317,EDUCATION,invalid_category,5,4,"EDUCATION in {1,2,3,4}; коды 0/5/6 приводятся к 4 (others)"
default_credit,default-of-credit-card-clients.xls,27408,27406,EDUCATION,invalid_category,5,4,"EDUCATION in {1,2,3,4}; коды 0/5/6 приводятся к 4 (others)"
default_credit,default-of-credit-card-clients.xls,27472,27470,EDUCATION,invalid_category,6,4,"EDUCATION in {1,2,3,4}; коды 0/5/6 приводятся к 4 (others)"
default_credit,default-of-credit-card-clients.xls,27494,27492,EDUCATION,invalid_category,5,4,"EDUCATION in {1,2,3,4}; коды 0/5/6 приводятся к 4 (others)"
default_credit,default-of-credit-card-clients.xls,27504,27502,EDUCATION,invalid_category,6,4,"EDUCATION in {1,2,3,4}; коды 0/5/6 приводятся к 4 (others)"
default_credit,default-of-credit-card-clients.xls,27567,27565,EDUCATION,invalid_category,6,4,"EDUCATION in {1,2,3,4}; коды 0/5/6 приводятся к 4 (others)"
default_credit,default-of-credit-card-clients.xls,27772,27770,EDUCATION,invalid_category,5,4,"EDUCATION in {1,2,3,4}; коды 0/5/6 приводятся к 4 (others)"
default_credit,default-of-credit-card-clients.xls,28002,28000,EDUCATION,invalid_category,5,4,"EDUCATION in {1,2,3,4}; коды 0/5/6 приводятся к 4 (others)"
default_credit,default-of-credit-card-clients.xls,28014,28012,EDUCATION,invalid_category,5,4,"EDUCATION in {1,2,3,4}; коды 0/5/6 приводятся к 4 (others)"
default_credit,default-of-credit-card-clients.xls,28075,28073,EDUCATION,invalid_category,5,4,"EDUCATION in {1,2,3,4}; коды 0/5/6 приводятся к 4 (others)"
default_credit,default-of-credit-card-clients.xls,28145,28143,EDUCATION,invalid_category,5,4,"EDUCATION in {1,2,3,4}; коды 0/5/6 приводятся к 4 (others)"
default_credit,default-of-credit-card-clients.xls,28162,28160,EDUCATION,invalid_category,5,4,"EDUCATION in {1,2,3,4}; коды 0/5/6 приводятся к 4 (others)"
default_credit,default-of-credit-card-clients.xls,28279,28277,EDUCATION,invalid_category,5,4,"EDUCATION in {1,2,3,4}; коды 0/5/6 приводятся к 4 (others)"
default_credit,default-of-credit-card-clients.xls,28381,28379,EDUCATION,invalid_category,5,4,"EDUCATION in {1,2,3,4}; коды 0/5/6 приводятся к 4 (others)"
default_credit,default-of-credit-card-clients.xls,28460,28458,MARRIAGE,invalid_category,0,3,"MARRIAGE in {1,2,3}; код 0 приводится к 3 (others)"
default_credit,default-of-credit-card-clients.xls,28605,28603,MARRIAGE,invalid_category,0,3,"MARRIAGE in {1,2,3}; код 0 приводится к 3 (others)"
default_credit,default-of-credit-card-clients.xls,28606,28604,MARRIAGE,invalid_category,0,3,"MARRIAGE in {1,2,3}; код 0 приводится к 3 (others)"
default_credit,default-of-credit-card-clients.xls,28700,28698,EDUCATION,invalid_category,5,4,"EDUCATION in {1,2,3,4}; коды 0/5/6 приводятся к 4 (others)"
default_credit,default-of-credit-card-clients.xls,28720,28718,EDUCATION,invalid_category,5,4,"EDUCATION in {1,2,3,4}; коды 0/5/6 приводятся к 4 (others)"
default_credit,default-of-credit-card-clients.xls,28769,28767,MARRIAGE,invalid_category,0,3,"MARRIAGE in {1,2,3}; код 0 приводится к 3 (others)"
default_credit,default-of-credit-card-clients.xls,28783,28781,EDUCATION,invalid_category,6,4,"EDUCATION in {1,2,3,4}; коды 0/5/6 приводятся к 4 (others)"
default_credit,default-of-credit-card-clients.xls,28785,28783,EDUCATION,invalid_category,5,4,"EDUCATION in {1,2,3,4}; коды 0/5/6 приводятся к 4 (others)"
default_credit,default-of-credit-card-clients.xls,28788,28786,EDUCATION,invalid_category,5,4,"EDUCATION in {1,2,3,4}; коды 0/5/6 приводятся к 4 (others)"
default_credit,default-of-credit-card-clients.xls,28791,28789,EDUCATION,invalid_category,5,4,"EDUCATION in {1,2,3,4}; коды 0/5/6 приводятся к 4 (others)"
default_credit,default-of-credit-card-clients.xls,28808,28806,EDUCATION,invalid_category,5,4,"EDUCATION in {1,2,3,4}; коды 0/5/6 приводятся к 4 (others)"
default_credit,default-of-credit-card-clients.xls,28823,28821,EDUCATION,invalid_category,5,4,"EDUCATION in {1,2,3,4}; коды 0/5/6 приводятся к 4 (others)"
default_credit,default-of-credit-card-clients.xls,28855,28853,EDUCATION,invalid_category,6,4,"EDUCATION in {1,2,3,4}; коды 0/5/6 приводятся к 4 (others)"
default_credit,default-of-credit-card-clients.xls,28885,28883,EDUCATION,invalid_category,5,4,"EDUCATION in {1,2,3,4}; коды 0/5/6 приводятся к 4 (others)"
default_credit,default-of-credit-card-clients.xls,28893,28891,EDUCATION,invalid_category,5,4,"EDUCATION in {1,2,3,4}; коды 0/5/6 приводятся к 4 (others)"
default_credit,default-of-credit-card-clients.xls,28970,28968,EDUCATION,invalid_category,5,4,"EDUCATION in {1,2,3,4}; коды 0/5/6 приводятся к 4 (others)"
default_credit,default-of-credit-card-clients.xls,29075,29073,EDUCATION,invalid_category,5,4,"EDUCATION in {1,2,3,4}; коды 0/5/6 приводятся к 4 (others)"
default_credit,default-of-credit-card-clients.xls,29081,29079,MARRIAGE,invalid_category,0,3,"MARRIAGE in {1,2,3}; код 0 приводится к 3 (others)"
default_credit,default-of-credit-card-clients.xls,29114,29112,MARRIAGE,invalid_category,0,3,"MARRIAGE in {1,2,3}; код 0 приводится к 3 (others)"
default_credit,default-of-credit-card-clients.xls,29137,29135,EDUCATION,invalid_category,5,4,"EDUCATION in {1,2,3,4}; коды 0/5/6 приводятся к 4 (others)"
default_credit,default-of-credit-card-clients.xls,29343,29341,EDUCATION,invalid_category,6,4,"EDUCATION in {1,2,3,4}; коды 0/5/6 приводятся к 4 (others)"
default_credit,default-of-credit-card-clients.xls,29393,29391,EDUCATION,invalid_category,5,4,"EDUCATION in {1,2,3,4}; коды 0/5/6 приводятся к 4 (others)"
default_credit,default-of-credit-card-clients.xls,29424,29422,EDUCATION,invalid_category,5,4,"EDUCATION in {1,2,3,4}; коды 0/5/6 приводятся к 4 (others)"
default_credit,default-of-credit-card-clients.xls,29446,29444,EDUCATION,invalid_category,5,4,"EDUCATION in {1,2,3,4}; коды 0/5/6 приводятся к 4 (others)"
default_credit,default-of-credit-card-clients.xls,29464,29462,EDUCATION,invalid_category,5,4,"EDUCATION in {1,2,3,4}; коды 0/5/6 приводятся к 4 (others)"
default_credit,default-of-credit-card-clients.xls,29491,29489,EDUCATION,invalid_category,5,4,"EDUCATION in {1,2,3,4}; коды 0/5/6 приводятся к 4 (others)"
default_credit,default-of-credit-card-clients.xls,29598,29596,EDUCATION,invalid_category,5,4,"EDUCATION in {1,2,3,4}; коды 0/5/6 приводятся к 4 (others)"
default_credit,default-of-credit-card-clients.xls,29613,29611,EDUCATION,invalid_category,5,4,"EDUCATION in {1,2,3,4}; коды 0/5/6 приводятся к 4 (others)"
default_credit,default-of-credit-card-clients.xls,29814,29812,EDUCATION,invalid_category,5,4,"EDUCATION in {1,2,3,4}; коды 0/5/6 приводятся к 4 (others)"
default_credit,default-of-credit-card-clients.xls,29839,29837,EDUCATION,invalid_category,6,4,"EDUCATION in {1,2,3,4}; коды 0/5/6 приводятся к 4 (others)"
default_credit,default-of-credit-card-clients.xls,29842,29840,EDUCATION,invalid_category,5,4,"EDUCATION in {1,2,3,4}; коды 0/5/6 приводятся к 4 (others)"
default_credit,default-of-credit-card-clients.xls,29923,29921,EDUCATION,invalid_category,5,4,"EDUCATION in {1,2,3,4}; коды 0/5/6 приводятся к 4 (others)"
default_credit,default-of-credit-card-clients.xls,29969,29967,EDUCATION,invalid_category,5,4,"EDUCATION in {1,2,3,4}; коды 0/5/6 приводятся к 4 (others)"
